{"devicePlatform":"","logFolder":"F:\\Katalon_project\\MaxReqMan\\Reports\\SelectRole\\20170917_144652","runData":{"hostName":"mithu - DESKTOP-1QKO1SP","os":"Windows 10 64bit","katalonVersion":"4.8.0.2","browser":"Chrome 60.0.3112.113","hostAddress":"192.168.91.161","sessionId":"66f1c414dda58b987b2a90d41f105936","seleniumVersion":"2.53.0","proxyInformation":"ProxyInformation{proxyOption\u003dNO_PROXY, proxyServerType\u003dHTTP, password\u003d, proxyServerAddress\u003d, proxyServerPort\u003d0}","platform":"Windows 10"},"type":"TEST_SUITE","name":"SelectRole","id":"Test Suites/SelectRole","source":"","message":"Test Cases/CreateMaterialRequisition FAILED because (of) Unable to set text \u0027acv\u0027 of object \u0027Object Repository/Page_Procurement Management  Create/input_form-control ng-untouche\u0027 (Root cause: org.openqa.selenium.InvalidElementStateException: invalid element state: Element is not currently interactable and may not be manipulated\n  (Session info: chrome\u003d60.0.3112.113)\n  (Driver info: chromedriver\u003d2.31.488763 (092de99f48a300323ecf8c2a4e2e7cab51de5ba8),platform\u003dWindows NT 10.0.15063 x86_64) (WARNING: The server did not provide any stacktrace information)\nCommand duration or timeout: 26 milliseconds\nBuild info: version: \u00272.53.0\u0027, revision: \u002735ae25b\u0027, time: \u00272016-03-15 17:00:58\u0027\nSystem info: host: \u0027DESKTOP-1QKO1SP\u0027, ip: \u0027192.168.91.161\u0027, os.name: \u0027Windows 10\u0027, os.arch: \u0027amd64\u0027, os.version: \u002710.0\u0027, java.version: \u00271.8.0_102\u0027\nDriver info: com.kms.katalon.selenium.driver.CChromeDriver\nCapabilities [{applicationCacheEnabled\u003dfalse, rotatable\u003dfalse, mobileEmulationEnabled\u003dfalse, networkConnectionEnabled\u003dfalse, chrome\u003d{chromedriverVersion\u003d2.31.488763 (092de99f48a300323ecf8c2a4e2e7cab51de5ba8), userDataDir\u003dC:\\Users\\mithu\\AppData\\Local\\Temp\\scoped_dir11052_11390}, takesHeapSnapshot\u003dtrue, pageLoadStrategy\u003dnormal, databaseEnabled\u003dfalse, handlesAlerts\u003dtrue, hasTouchScreen\u003dfalse, version\u003d60.0.3112.113, platform\u003dXP, browserConnectionEnabled\u003dfalse, nativeEvents\u003dtrue, acceptSslCerts\u003dtrue, locationContextEnabled\u003dtrue, webStorageEnabled\u003dtrue, browserName\u003dchrome, takesScreenshot\u003dtrue, javascriptEnabled\u003dtrue, cssSelectorsEnabled\u003dtrue, setWindowRect\u003dtrue, unexpectedAlertBehaviour\u003d}]\nSession ID: 66f1c414dda58b987b2a90d41f105936)","description":"","startTime":1505638014149,"endTime":1505638061874,"childRecords":[{"isOptional":false,"type":"TEST_CASE","name":"Test Cases/Login","id":"Test Cases/Login","source":"F:\\\\Katalon_project\\\\MaxReqManTest Cases\\\\Login.tc","message":"Test Cases/Login","description":"","startTime":1505638014401,"endTime":1505638023679,"childRecords":[{"testStatus":{"stackTrace":"","statusValue":"INFO"},"type":"MESSAGE","name":"","message":"Evaluating variables for test case","startTime":1505638014514,"endTime":0,"childRecords":[],"interuppted":false},{"index":1,"isIgnoredIfFailed":false,"type":"TEST_STEP","name":"openBrowser","message":"Browser is opened with url: \u0027\u0027","description":"","startTime":1505638014771,"endTime":1505638017865,"childRecords":[{"testStatus":{"stackTrace":"","statusValue":"PASSED"},"type":"MESSAGE","name":"","message":"Browser is opened with url: \u0027\u0027","startTime":1505638017864,"endTime":0,"childRecords":[],"interuppted":false}],"interuppted":false},{"index":2,"isIgnoredIfFailed":false,"type":"TEST_STEP","name":"maximizeWindow","message":"Current window maximized","description":"","startTime":1505638017867,"endTime":1505638019044,"childRecords":[{"testStatus":{"stackTrace":"","statusValue":"PASSED"},"type":"MESSAGE","name":"","message":"Current window maximized","startTime":1505638019043,"endTime":0,"childRecords":[],"interuppted":false}],"interuppted":false},{"index":3,"isIgnoredIfFailed":false,"type":"TEST_STEP","name":"navigateToUrl","message":"Navigate to \u0027http://beta-requisition.maxrailwaytrack.com/\u0027 successfully","description":"","startTime":1505638019044,"endTime":1505638023044,"childRecords":[{"testStatus":{"stackTrace":"","statusValue":"PASSED"},"type":"MESSAGE","name":"","message":"Navigate to \u0027http://beta-requisition.maxrailwaytrack.com/\u0027 successfully","startTime":1505638023043,"endTime":0,"childRecords":[],"interuppted":false}],"interuppted":false},{"index":4,"isIgnoredIfFailed":false,"type":"TEST_STEP","name":"setText","message":"Text \u0027fahadbillah@yahoo.com\u0027 is set on object \u0027Object Repository/Page_MaxGroup Login/input_username\u0027","description":"","startTime":1505638023044,"endTime":1505638023404,"childRecords":[{"testStatus":{"stackTrace":"","statusValue":"PASSED"},"type":"MESSAGE","name":"","message":"Text \u0027fahadbillah@yahoo.com\u0027 is set on object \u0027Object Repository/Page_MaxGroup Login/input_username\u0027","startTime":1505638023403,"endTime":0,"childRecords":[],"interuppted":false}],"interuppted":false},{"index":5,"isIgnoredIfFailed":false,"type":"TEST_STEP","name":"setText","message":"Text \u0027123\u0027 is set on object \u0027Object Repository/Page_MaxGroup Login/input_password\u0027","description":"","startTime":1505638023404,"endTime":1505638023570,"childRecords":[{"testStatus":{"stackTrace":"","statusValue":"PASSED"},"type":"MESSAGE","name":"","message":"Text \u0027123\u0027 is set on object \u0027Object Repository/Page_MaxGroup Login/input_password\u0027","startTime":1505638023569,"endTime":0,"childRecords":[],"interuppted":false}],"interuppted":false},{"index":6,"isIgnoredIfFailed":false,"type":"TEST_STEP","name":"click","message":"Object: \u0027Object Repository/Page_MaxGroup Login/button_Login\u0027 is clicked on","description":"","startTime":1505638023570,"endTime":1505638023679,"childRecords":[{"testStatus":{"stackTrace":"","statusValue":"PASSED"},"type":"MESSAGE","name":"","message":"Object: \u0027Object Repository/Page_MaxGroup Login/button_Login\u0027 is clicked on","startTime":1505638023679,"endTime":0,"childRecords":[],"interuppted":false}],"interuppted":false},{"testStatus":{"stackTrace":"","statusValue":"PASSED"},"type":"MESSAGE","name":"","message":"Test Cases/Login","startTime":1505638023679,"endTime":0,"childRecords":[],"interuppted":false}],"interuppted":false},{"isOptional":false,"type":"TEST_CASE","name":"Test Cases/SelectRole","id":"Test Cases/SelectRole","source":"F:\\\\Katalon_project\\\\MaxReqManTest Cases\\\\SelectRole.tc","message":"Test Cases/SelectRole","description":"","startTime":1505638023733,"endTime":1505638029280,"childRecords":[{"testStatus":{"stackTrace":"","statusValue":"INFO"},"type":"MESSAGE","name":"","message":"Evaluating variables for test case","startTime":1505638023740,"endTime":0,"childRecords":[],"interuppted":false},{"index":1,"isIgnoredIfFailed":false,"type":"TEST_STEP","name":"delay","message":"Delayed 5 second(s)","description":"","startTime":1505638023897,"endTime":1505638028917,"childRecords":[{"testStatus":{"stackTrace":"","statusValue":"PASSED"},"type":"MESSAGE","name":"","message":"Delayed 5 second(s)","startTime":1505638028916,"endTime":0,"childRecords":[],"interuppted":false}],"interuppted":false},{"index":2,"isIgnoredIfFailed":false,"type":"TEST_STEP","name":"click","message":"Object: \u0027Object Repository/Page_Procurement Management  Role S/select_input\u0027 is clicked on","description":"","startTime":1505638028917,"endTime":1505638029036,"childRecords":[{"testStatus":{"stackTrace":"","statusValue":"PASSED"},"type":"MESSAGE","name":"","message":"Object: \u0027Object Repository/Page_Procurement Management  Role S/select_input\u0027 is clicked on","startTime":1505638029035,"endTime":0,"childRecords":[],"interuppted":false}],"interuppted":false},{"index":3,"isIgnoredIfFailed":false,"type":"TEST_STEP","name":"click","message":"Object: \u0027Object Repository/Page_Procurement Management  Role S/option_Requester at CDA\u0027 is clicked on","description":"","startTime":1505638029036,"endTime":1505638029129,"childRecords":[{"testStatus":{"stackTrace":"","statusValue":"PASSED"},"type":"MESSAGE","name":"","message":"Object: \u0027Object Repository/Page_Procurement Management  Role S/option_Requester at CDA\u0027 is clicked on","startTime":1505638029129,"endTime":0,"childRecords":[],"interuppted":false}],"interuppted":false},{"index":4,"isIgnoredIfFailed":false,"type":"TEST_STEP","name":"click","message":"Object: \u0027Object Repository/Page_Procurement Management  Role S/button_Enter\u0027 is clicked on","description":"","startTime":1505638029130,"endTime":1505638029279,"childRecords":[{"testStatus":{"stackTrace":"","statusValue":"PASSED"},"type":"MESSAGE","name":"","message":"Object: \u0027Object Repository/Page_Procurement Management  Role S/button_Enter\u0027 is clicked on","startTime":1505638029279,"endTime":0,"childRecords":[],"interuppted":false}],"interuppted":false},{"testStatus":{"stackTrace":"","statusValue":"PASSED"},"type":"MESSAGE","name":"","message":"Test Cases/SelectRole","startTime":1505638029280,"endTime":0,"childRecords":[],"interuppted":false}],"interuppted":false},{"isOptional":false,"type":"TEST_CASE","name":"Test Cases/CreateMaterialRequisition","id":"Test Cases/CreateMaterialRequisition","source":"F:\\\\Katalon_project\\\\MaxReqManTest Cases\\\\CreateMaterialRequisition.tc","message":"Test Cases/CreateMaterialRequisition FAILED because (of) Unable to set text \u0027acv\u0027 of object \u0027Object Repository/Page_Procurement Management  Create/input_form-control ng-untouche\u0027 (Root cause: org.openqa.selenium.InvalidElementStateException: invalid element state: Element is not currently interactable and may not be manipulated\n  (Session info: chrome\u003d60.0.3112.113)\n  (Driver info: chromedriver\u003d2.31.488763 (092de99f48a300323ecf8c2a4e2e7cab51de5ba8),platform\u003dWindows NT 10.0.15063 x86_64) (WARNING: The server did not provide any stacktrace information)\nCommand duration or timeout: 26 milliseconds\nBuild info: version: \u00272.53.0\u0027, revision: \u002735ae25b\u0027, time: \u00272016-03-15 17:00:58\u0027\nSystem info: host: \u0027DESKTOP-1QKO1SP\u0027, ip: \u0027192.168.91.161\u0027, os.name: \u0027Windows 10\u0027, os.arch: \u0027amd64\u0027, os.version: \u002710.0\u0027, java.version: \u00271.8.0_102\u0027\nDriver info: com.kms.katalon.selenium.driver.CChromeDriver\nCapabilities [{applicationCacheEnabled\u003dfalse, rotatable\u003dfalse, mobileEmulationEnabled\u003dfalse, networkConnectionEnabled\u003dfalse, chrome\u003d{chromedriverVersion\u003d2.31.488763 (092de99f48a300323ecf8c2a4e2e7cab51de5ba8), userDataDir\u003dC:\\Users\\mithu\\AppData\\Local\\Temp\\scoped_dir11052_11390}, takesHeapSnapshot\u003dtrue, pageLoadStrategy\u003dnormal, databaseEnabled\u003dfalse, handlesAlerts\u003dtrue, hasTouchScreen\u003dfalse, version\u003d60.0.3112.113, platform\u003dXP, browserConnectionEnabled\u003dfalse, nativeEvents\u003dtrue, acceptSslCerts\u003dtrue, locationContextEnabled\u003dtrue, webStorageEnabled\u003dtrue, browserName\u003dchrome, takesScreenshot\u003dtrue, javascriptEnabled\u003dtrue, cssSelectorsEnabled\u003dtrue, setWindowRect\u003dtrue, unexpectedAlertBehaviour\u003d}]\nSession ID: 66f1c414dda58b987b2a90d41f105936)","description":"","startTime":1505638029333,"endTime":1505638060735,"childRecords":[{"testStatus":{"stackTrace":"","statusValue":"INFO"},"type":"MESSAGE","name":"","message":"Evaluating variables for test case","startTime":1505638029355,"endTime":0,"childRecords":[],"interuppted":false},{"index":1,"isIgnoredIfFailed":false,"type":"TEST_STEP","name":"delay","message":"Delayed 10 second(s)","description":"","startTime":1505638029505,"endTime":1505638039508,"childRecords":[{"testStatus":{"stackTrace":"","statusValue":"PASSED"},"type":"MESSAGE","name":"","message":"Delayed 10 second(s)","startTime":1505638039507,"endTime":0,"childRecords":[],"interuppted":false}],"interuppted":false},{"index":2,"isIgnoredIfFailed":false,"type":"TEST_STEP","name":"mouseOver","message":"Object: \u0027Object Repository/create material requisition/span_Requisitions\u0027 is hovered","description":"","startTime":1505638039508,"endTime":1505638039608,"childRecords":[{"testStatus":{"stackTrace":"","statusValue":"PASSED"},"type":"MESSAGE","name":"","message":"Object: \u0027Object Repository/create material requisition/span_Requisitions\u0027 is hovered","startTime":1505638039607,"endTime":0,"childRecords":[],"interuppted":false}],"interuppted":false},{"index":3,"isIgnoredIfFailed":false,"type":"TEST_STEP","name":"delay","message":"Delayed 2 second(s)","description":"","startTime":1505638039609,"endTime":1505638041612,"childRecords":[{"testStatus":{"stackTrace":"","statusValue":"PASSED"},"type":"MESSAGE","name":"","message":"Delayed 2 second(s)","startTime":1505638041610,"endTime":0,"childRecords":[],"interuppted":false}],"interuppted":false},{"index":4,"isIgnoredIfFailed":false,"type":"TEST_STEP","name":"mouseOver","message":"Object: \u0027Object Repository/create material requisition/a_Create Requisition\u0027 is hovered","description":"","startTime":1505638041613,"endTime":1505638041793,"childRecords":[{"testStatus":{"stackTrace":"","statusValue":"PASSED"},"type":"MESSAGE","name":"","message":"Object: \u0027Object Repository/create material requisition/a_Create Requisition\u0027 is hovered","startTime":1505638041793,"endTime":0,"childRecords":[],"interuppted":false}],"interuppted":false},{"index":5,"isIgnoredIfFailed":false,"type":"TEST_STEP","name":"delay","message":"Delayed 2 second(s)","description":"","startTime":1505638041794,"endTime":1505638043797,"childRecords":[{"testStatus":{"stackTrace":"","statusValue":"PASSED"},"type":"MESSAGE","name":"","message":"Delayed 2 second(s)","startTime":1505638043795,"endTime":0,"childRecords":[],"interuppted":false}],"interuppted":false},{"index":6,"isIgnoredIfFailed":false,"type":"TEST_STEP","name":"mouseOver","message":"Object: \u0027Object Repository/create material requisition/a_Material Requisition\u0027 is hovered","description":"","startTime":1505638043798,"endTime":1505638043919,"childRecords":[{"testStatus":{"stackTrace":"","statusValue":"PASSED"},"type":"MESSAGE","name":"","message":"Object: \u0027Object Repository/create material requisition/a_Material Requisition\u0027 is hovered","startTime":1505638043919,"endTime":0,"childRecords":[],"interuppted":false}],"interuppted":false},{"index":7,"isIgnoredIfFailed":false,"type":"TEST_STEP","name":"delay","message":"Delayed 2 second(s)","description":"","startTime":1505638043919,"endTime":1505638045922,"childRecords":[{"testStatus":{"stackTrace":"","statusValue":"PASSED"},"type":"MESSAGE","name":"","message":"Delayed 2 second(s)","startTime":1505638045921,"endTime":0,"childRecords":[],"interuppted":false}],"interuppted":false},{"index":8,"isIgnoredIfFailed":false,"type":"TEST_STEP","name":"click","message":"Object: \u0027Object Repository/create material requisition/a_Material Requisition\u0027 is clicked on","description":"","startTime":1505638045923,"endTime":1505638046061,"childRecords":[{"testStatus":{"stackTrace":"","statusValue":"PASSED"},"type":"MESSAGE","name":"","message":"Object: \u0027Object Repository/create material requisition/a_Material Requisition\u0027 is clicked on","startTime":1505638046060,"endTime":0,"childRecords":[],"interuppted":false}],"interuppted":false},{"index":9,"isIgnoredIfFailed":false,"type":"TEST_STEP","name":"waitForPageLoad","message":"Wait for page load successfully","description":"","startTime":1505638046061,"endTime":1505638046096,"childRecords":[{"testStatus":{"stackTrace":"","statusValue":"PASSED"},"type":"MESSAGE","name":"","message":"Wait for page load successfully","startTime":1505638046096,"endTime":0,"childRecords":[],"interuppted":false}],"interuppted":false},{"index":10,"isIgnoredIfFailed":false,"type":"TEST_STEP","name":"click","message":"Object: \u0027Object Repository/Page_Procurement Management  Create/input_requisitionTitle\u0027 is clicked on","description":"","startTime":1505638046097,"endTime":1505638047819,"childRecords":[{"testStatus":{"stackTrace":"","statusValue":"PASSED"},"type":"MESSAGE","name":"","message":"Object: \u0027Object Repository/Page_Procurement Management  Create/input_requisitionTitle\u0027 is clicked on","startTime":1505638047819,"endTime":0,"childRecords":[],"interuppted":false}],"interuppted":false},{"index":11,"isIgnoredIfFailed":false,"type":"TEST_STEP","name":"setText","message":"Text \u0027Material Requisition 1A\u0027 is set on object \u0027Object Repository/Page_Procurement Management  Create/input_requisitionTitle\u0027","description":"","startTime":1505638047819,"endTime":1505638048151,"childRecords":[{"testStatus":{"stackTrace":"","statusValue":"PASSED"},"type":"MESSAGE","name":"","message":"Text \u0027Material Requisition 1A\u0027 is set on object \u0027Object Repository/Page_Procurement Management  Create/input_requisitionTitle\u0027","startTime":1505638048150,"endTime":0,"childRecords":[],"interuppted":false}],"interuppted":false},{"index":12,"isIgnoredIfFailed":false,"type":"TEST_STEP","name":"click","message":"Object: \u0027Object Repository/Page_Procurement Management  Create/requestTo\u0027 is clicked on","description":"","startTime":1505638048151,"endTime":1505638048248,"childRecords":[{"testStatus":{"stackTrace":"","statusValue":"PASSED"},"type":"MESSAGE","name":"","message":"Object: \u0027Object Repository/Page_Procurement Management  Create/requestTo\u0027 is clicked on","startTime":1505638048248,"endTime":0,"childRecords":[],"interuppted":false}],"interuppted":false},{"index":13,"isIgnoredIfFailed":false,"type":"TEST_STEP","name":"setText","message":"Text \u0027Fahad Billah\u0027 is set on object \u0027Object Repository/Page_Procurement Management  Create/requestTo\u0027","description":"","startTime":1505638048249,"endTime":1505638048431,"childRecords":[{"testStatus":{"stackTrace":"","statusValue":"PASSED"},"type":"MESSAGE","name":"","message":"Text \u0027Fahad Billah\u0027 is set on object \u0027Object Repository/Page_Procurement Management  Create/requestTo\u0027","startTime":1505638048430,"endTime":0,"childRecords":[],"interuppted":false}],"interuppted":false},{"index":14,"isIgnoredIfFailed":false,"type":"TEST_STEP","name":"click","message":"Object: \u0027Object Repository/Page_Procurement Management  Create/li_Fahad Billah (Local Boss)\u0027 is clicked on","description":"","startTime":1505638048431,"endTime":1505638050018,"childRecords":[{"testStatus":{"stackTrace":"","statusValue":"PASSED"},"type":"MESSAGE","name":"","message":"Object: \u0027Object Repository/Page_Procurement Management  Create/li_Fahad Billah (Local Boss)\u0027 is clicked on","startTime":1505638050017,"endTime":0,"childRecords":[],"interuppted":false}],"interuppted":false},{"index":15,"isIgnoredIfFailed":false,"type":"TEST_STEP","name":"click","message":"Object: \u0027Object Repository/Page_Procurement Management  Create/input_receiverName\u0027 is clicked on","description":"","startTime":1505638050018,"endTime":1505638050135,"childRecords":[{"testStatus":{"stackTrace":"","statusValue":"PASSED"},"type":"MESSAGE","name":"","message":"Object: \u0027Object Repository/Page_Procurement Management  Create/input_receiverName\u0027 is clicked on","startTime":1505638050134,"endTime":0,"childRecords":[],"interuppted":false}],"interuppted":false},{"index":16,"isIgnoredIfFailed":false,"type":"TEST_STEP","name":"setText","message":"Text \u0027Fahad Billah\u0027 is set on object \u0027Object Repository/Page_Procurement Management  Create/input_receiverName\u0027","description":"","startTime":1505638050135,"endTime":1505638050369,"childRecords":[{"testStatus":{"stackTrace":"","statusValue":"PASSED"},"type":"MESSAGE","name":"","message":"Text \u0027Fahad Billah\u0027 is set on object \u0027Object Repository/Page_Procurement Management  Create/input_receiverName\u0027","startTime":1505638050368,"endTime":0,"childRecords":[],"interuppted":false}],"interuppted":false},{"index":17,"isIgnoredIfFailed":false,"type":"TEST_STEP","name":"click","message":"Object: \u0027Object Repository/Page_Procurement Management  Create/li_Fahad Billah\u0027 is clicked on","description":"","startTime":1505638050369,"endTime":1505638050600,"childRecords":[{"testStatus":{"stackTrace":"","statusValue":"PASSED"},"type":"MESSAGE","name":"","message":"Object: \u0027Object Repository/Page_Procurement Management  Create/li_Fahad Billah\u0027 is clicked on","startTime":1505638050599,"endTime":0,"childRecords":[],"interuppted":false}],"interuppted":false},{"index":18,"isIgnoredIfFailed":false,"type":"TEST_STEP","name":"delay","message":"Delayed 2 second(s)","description":"","startTime":1505638050600,"endTime":1505638052602,"childRecords":[{"testStatus":{"stackTrace":"","statusValue":"PASSED"},"type":"MESSAGE","name":"","message":"Delayed 2 second(s)","startTime":1505638052601,"endTime":0,"childRecords":[],"interuppted":false}],"interuppted":false},{"index":19,"isIgnoredIfFailed":false,"type":"TEST_STEP","name":"setText","message":"Text \u0027Mirhu khan\u0027 is set on object \u0027Object Repository/Page_Procurement Management  Create/input_originalRequesterName (2)\u0027","description":"","startTime":1505638052602,"endTime":1505638052845,"childRecords":[{"testStatus":{"stackTrace":"","statusValue":"PASSED"},"type":"MESSAGE","name":"","message":"Text \u0027Mirhu khan\u0027 is set on object \u0027Object Repository/Page_Procurement Management  Create/input_originalRequesterName (2)\u0027","startTime":1505638052844,"endTime":0,"childRecords":[],"interuppted":false}],"interuppted":false},{"index":20,"isIgnoredIfFailed":false,"type":"TEST_STEP","name":"setText","message":"Text \u002701745677420\u0027 is set on object \u0027Object Repository/Page_Procurement Management  Create/input_originalRequesterPhone (1)\u0027","description":"","startTime":1505638052845,"endTime":1505638053088,"childRecords":[{"testStatus":{"stackTrace":"","statusValue":"PASSED"},"type":"MESSAGE","name":"","message":"Text \u002701745677420\u0027 is set on object \u0027Object Repository/Page_Procurement Management  Create/input_originalRequesterPhone (1)\u0027","startTime":1505638053088,"endTime":0,"childRecords":[],"interuppted":false}],"interuppted":false},{"index":21,"isIgnoredIfFailed":false,"type":"TEST_STEP","name":"setText","message":"Text \u0027Test Team Qa-katalon\u0027 is set on object \u0027Object Repository/Page_Procurement Management  Create/textarea_remarks\u0027","description":"","startTime":1505638053088,"endTime":1505638053319,"childRecords":[{"testStatus":{"stackTrace":"","statusValue":"PASSED"},"type":"MESSAGE","name":"","message":"Text \u0027Test Team Qa-katalon\u0027 is set on object \u0027Object Repository/Page_Procurement Management  Create/textarea_remarks\u0027","startTime":1505638053319,"endTime":0,"childRecords":[],"interuppted":false}],"interuppted":false},{"index":22,"isIgnoredIfFailed":false,"type":"TEST_STEP","name":"delay","message":"Delayed 1 second(s)","description":"","startTime":1505638053319,"endTime":1505638054322,"childRecords":[{"testStatus":{"stackTrace":"","statusValue":"PASSED"},"type":"MESSAGE","name":"","message":"Delayed 1 second(s)","startTime":1505638054321,"endTime":0,"childRecords":[],"interuppted":false}],"interuppted":false},{"index":23,"isIgnoredIfFailed":false,"type":"TEST_STEP","name":"click","message":"Object: \u0027Object Repository/Page_Procurement Management  Create/span_Item Details\u0027 is clicked on","description":"","startTime":1505638054322,"endTime":1505638054560,"childRecords":[{"testStatus":{"stackTrace":"","statusValue":"PASSED"},"type":"MESSAGE","name":"","message":"Object: \u0027Object Repository/Page_Procurement Management  Create/span_Item Details\u0027 is clicked on","startTime":1505638054559,"endTime":0,"childRecords":[],"interuppted":false}],"interuppted":false},{"index":24,"isIgnoredIfFailed":false,"type":"TEST_STEP","name":"delay","message":"Delayed 1 second(s)","description":"","startTime":1505638054560,"endTime":1505638055562,"childRecords":[{"testStatus":{"stackTrace":"","statusValue":"PASSED"},"type":"MESSAGE","name":"","message":"Delayed 1 second(s)","startTime":1505638055561,"endTime":0,"childRecords":[],"interuppted":false}],"interuppted":false},{"index":25,"isIgnoredIfFailed":false,"type":"TEST_STEP","name":"click","message":"Object: \u0027Object Repository/Page_Procurement Management  Create/CostCenterName\u0027 is clicked on","description":"","startTime":1505638055562,"endTime":1505638055728,"childRecords":[{"testStatus":{"stackTrace":"","statusValue":"PASSED"},"type":"MESSAGE","name":"","message":"Object: \u0027Object Repository/Page_Procurement Management  Create/CostCenterName\u0027 is clicked on","startTime":1505638055727,"endTime":0,"childRecords":[],"interuppted":false}],"interuppted":false},{"index":26,"isIgnoredIfFailed":false,"type":"TEST_STEP","name":"waitForAngularLoad","message":"Angular is ready.","description":"","startTime":1505638055728,"endTime":1505638056787,"childRecords":[{"testStatus":{"stackTrace":"","statusValue":"PASSED"},"type":"MESSAGE","name":"","message":"Angular is ready.","startTime":1505638056786,"endTime":0,"childRecords":[],"interuppted":false}],"interuppted":false},{"index":27,"isIgnoredIfFailed":false,"type":"TEST_STEP","name":"click","message":"Object: \u0027Object Repository/Page_Procurement Management  Create/a_10100.12 Engineers  Employer\u0027 is clicked on","description":"","startTime":1505638056787,"endTime":1505638056985,"childRecords":[{"testStatus":{"stackTrace":"","statusValue":"PASSED"},"type":"MESSAGE","name":"","message":"Object: \u0027Object Repository/Page_Procurement Management  Create/a_10100.12 Engineers  Employer\u0027 is clicked on","startTime":1505638056985,"endTime":0,"childRecords":[],"interuppted":false}],"interuppted":false},{"index":28,"isIgnoredIfFailed":false,"type":"TEST_STEP","name":"delay","message":"Delayed 1 second(s)","description":"","startTime":1505638056986,"endTime":1505638057987,"childRecords":[{"testStatus":{"stackTrace":"","statusValue":"PASSED"},"type":"MESSAGE","name":"","message":"Delayed 1 second(s)","startTime":1505638057986,"endTime":0,"childRecords":[],"interuppted":false}],"interuppted":false},{"index":29,"isIgnoredIfFailed":false,"type":"TEST_STEP","name":"click","message":"Object: \u0027Object Repository/Page_Procurement Management  Create/button_OK\u0027 is clicked on","description":"","startTime":1505638057988,"endTime":1505638058122,"childRecords":[{"testStatus":{"stackTrace":"","statusValue":"PASSED"},"type":"MESSAGE","name":"","message":"Object: \u0027Object Repository/Page_Procurement Management  Create/button_OK\u0027 is clicked on","startTime":1505638058121,"endTime":0,"childRecords":[],"interuppted":false}],"interuppted":false},{"index":30,"isIgnoredIfFailed":false,"type":"TEST_STEP","name":"delay","message":"Delayed 2 second(s)","description":"","startTime":1505638058122,"endTime":1505638060125,"childRecords":[{"testStatus":{"stackTrace":"","statusValue":"PASSED"},"type":"MESSAGE","name":"","message":"Delayed 2 second(s)","startTime":1505638060123,"endTime":0,"childRecords":[],"interuppted":false}],"interuppted":false},{"index":31,"isIgnoredIfFailed":false,"type":"TEST_STEP","name":"click","message":"Object: \u0027Object Repository/Page_Procurement Management  Create/button_btn pull-right btn-defa\u0027 is clicked on","description":"","startTime":1505638060126,"endTime":1505638060240,"childRecords":[{"testStatus":{"stackTrace":"","statusValue":"PASSED"},"type":"MESSAGE","name":"","message":"Object: \u0027Object Repository/Page_Procurement Management  Create/button_btn pull-right btn-defa\u0027 is clicked on","startTime":1505638060239,"endTime":0,"childRecords":[],"interuppted":false}],"interuppted":false},{"index":32,"isIgnoredIfFailed":false,"type":"TEST_STEP","name":"waitForAngularLoad","message":"Angular is ready.","description":"","startTime":1505638060240,"endTime":1505638060259,"childRecords":[{"testStatus":{"stackTrace":"","statusValue":"PASSED"},"type":"MESSAGE","name":"","message":"Angular is ready.","startTime":1505638060258,"endTime":0,"childRecords":[],"interuppted":false}],"interuppted":false},{"attachment":"1505638060329.png","index":33,"isIgnoredIfFailed":false,"type":"TEST_STEP","name":"setText","message":"Unable to set text \u0027acv\u0027 of object \u0027Object Repository/Page_Procurement Management  Create/input_form-control ng-untouche\u0027 (Root cause: org.openqa.selenium.InvalidElementStateException: invalid element state: Element is not currently interactable and may not be manipulated\n  (Session info: chrome\u003d60.0.3112.113)\n  (Driver info: chromedriver\u003d2.31.488763 (092de99f48a300323ecf8c2a4e2e7cab51de5ba8),platform\u003dWindows NT 10.0.15063 x86_64) (WARNING: The server did not provide any stacktrace information)\nCommand duration or timeout: 26 milliseconds\nBuild info: version: \u00272.53.0\u0027, revision: \u002735ae25b\u0027, time: \u00272016-03-15 17:00:58\u0027\nSystem info: host: \u0027DESKTOP-1QKO1SP\u0027, ip: \u0027192.168.91.161\u0027, os.name: \u0027Windows 10\u0027, os.arch: \u0027amd64\u0027, os.version: \u002710.0\u0027, java.version: \u00271.8.0_102\u0027\nDriver info: com.kms.katalon.selenium.driver.CChromeDriver\nCapabilities [{applicationCacheEnabled\u003dfalse, rotatable\u003dfalse, mobileEmulationEnabled\u003dfalse, networkConnectionEnabled\u003dfalse, chrome\u003d{chromedriverVersion\u003d2.31.488763 (092de99f48a300323ecf8c2a4e2e7cab51de5ba8), userDataDir\u003dC:\\Users\\mithu\\AppData\\Local\\Temp\\scoped_dir11052_11390}, takesHeapSnapshot\u003dtrue, pageLoadStrategy\u003dnormal, databaseEnabled\u003dfalse, handlesAlerts\u003dtrue, hasTouchScreen\u003dfalse, version\u003d60.0.3112.113, platform\u003dXP, browserConnectionEnabled\u003dfalse, nativeEvents\u003dtrue, acceptSslCerts\u003dtrue, locationContextEnabled\u003dtrue, webStorageEnabled\u003dtrue, browserName\u003dchrome, takesScreenshot\u003dtrue, javascriptEnabled\u003dtrue, cssSelectorsEnabled\u003dtrue, setWindowRect\u003dtrue, unexpectedAlertBehaviour\u003d}]\nSession ID: 66f1c414dda58b987b2a90d41f105936)","description":"","startTime":1505638060259,"endTime":1505638060734,"childRecords":[{"testStatus":{"stackTrace":"","statusValue":"FAILED"},"attachment":"1505638060329.png","type":"MESSAGE","name":"","message":"Unable to set text \u0027acv\u0027 of object \u0027Object Repository/Page_Procurement Management  Create/input_form-control ng-untouche\u0027 (Root cause: org.openqa.selenium.InvalidElementStateException: invalid element state: Element is not currently interactable and may not be manipulated\n  (Session info: chrome\u003d60.0.3112.113)\n  (Driver info: chromedriver\u003d2.31.488763 (092de99f48a300323ecf8c2a4e2e7cab51de5ba8),platform\u003dWindows NT 10.0.15063 x86_64) (WARNING: The server did not provide any stacktrace information)\nCommand duration or timeout: 26 milliseconds\nBuild info: version: \u00272.53.0\u0027, revision: \u002735ae25b\u0027, time: \u00272016-03-15 17:00:58\u0027\nSystem info: host: \u0027DESKTOP-1QKO1SP\u0027, ip: \u0027192.168.91.161\u0027, os.name: \u0027Windows 10\u0027, os.arch: \u0027amd64\u0027, os.version: \u002710.0\u0027, java.version: \u00271.8.0_102\u0027\nDriver info: com.kms.katalon.selenium.driver.CChromeDriver\nCapabilities [{applicationCacheEnabled\u003dfalse, rotatable\u003dfalse, mobileEmulationEnabled\u003dfalse, networkConnectionEnabled\u003dfalse, chrome\u003d{chromedriverVersion\u003d2.31.488763 (092de99f48a300323ecf8c2a4e2e7cab51de5ba8), userDataDir\u003dC:\\Users\\mithu\\AppData\\Local\\Temp\\scoped_dir11052_11390}, takesHeapSnapshot\u003dtrue, pageLoadStrategy\u003dnormal, databaseEnabled\u003dfalse, handlesAlerts\u003dtrue, hasTouchScreen\u003dfalse, version\u003d60.0.3112.113, platform\u003dXP, browserConnectionEnabled\u003dfalse, nativeEvents\u003dtrue, acceptSslCerts\u003dtrue, locationContextEnabled\u003dtrue, webStorageEnabled\u003dtrue, browserName\u003dchrome, takesScreenshot\u003dtrue, javascriptEnabled\u003dtrue, cssSelectorsEnabled\u003dtrue, setWindowRect\u003dtrue, unexpectedAlertBehaviour\u003d}]\nSession ID: 66f1c414dda58b987b2a90d41f105936)","startTime":1505638060733,"endTime":0,"childRecords":[],"interuppted":false}],"interuppted":false},{"testStatus":{"stackTrace":"","statusValue":"FAILED"},"type":"MESSAGE","name":"","message":"Test Cases/CreateMaterialRequisition FAILED because (of) Unable to set text \u0027acv\u0027 of object \u0027Object Repository/Page_Procurement Management  Create/input_form-control ng-untouche\u0027 (Root cause: org.openqa.selenium.InvalidElementStateException: invalid element state: Element is not currently interactable and may not be manipulated\n  (Session info: chrome\u003d60.0.3112.113)\n  (Driver info: chromedriver\u003d2.31.488763 (092de99f48a300323ecf8c2a4e2e7cab51de5ba8),platform\u003dWindows NT 10.0.15063 x86_64) (WARNING: The server did not provide any stacktrace information)\nCommand duration or timeout: 26 milliseconds\nBuild info: version: \u00272.53.0\u0027, revision: \u002735ae25b\u0027, time: \u00272016-03-15 17:00:58\u0027\nSystem info: host: \u0027DESKTOP-1QKO1SP\u0027, ip: \u0027192.168.91.161\u0027, os.name: \u0027Windows 10\u0027, os.arch: \u0027amd64\u0027, os.version: \u002710.0\u0027, java.version: \u00271.8.0_102\u0027\nDriver info: com.kms.katalon.selenium.driver.CChromeDriver\nCapabilities [{applicationCacheEnabled\u003dfalse, rotatable\u003dfalse, mobileEmulationEnabled\u003dfalse, networkConnectionEnabled\u003dfalse, chrome\u003d{chromedriverVersion\u003d2.31.488763 (092de99f48a300323ecf8c2a4e2e7cab51de5ba8), userDataDir\u003dC:\\Users\\mithu\\AppData\\Local\\Temp\\scoped_dir11052_11390}, takesHeapSnapshot\u003dtrue, pageLoadStrategy\u003dnormal, databaseEnabled\u003dfalse, handlesAlerts\u003dtrue, hasTouchScreen\u003dfalse, version\u003d60.0.3112.113, platform\u003dXP, browserConnectionEnabled\u003dfalse, nativeEvents\u003dtrue, acceptSslCerts\u003dtrue, locationContextEnabled\u003dtrue, webStorageEnabled\u003dtrue, browserName\u003dchrome, takesScreenshot\u003dtrue, javascriptEnabled\u003dtrue, cssSelectorsEnabled\u003dtrue, setWindowRect\u003dtrue, unexpectedAlertBehaviour\u003d}]\nSession ID: 66f1c414dda58b987b2a90d41f105936)","startTime":1505638060734,"endTime":0,"childRecords":[],"interuppted":false}],"interuppted":false}],"interuppted":false}